name,bodyweight percentage,source
diamond push up,0.64,https://www.allthingsgym.com/push-up-weight-distribution-percentages/
chest dip,0.95,https://www.reddit.com/r/overcominggravity/comments/f9gsmb/what_percentage_of_our_bodyweight_do_we_lift
pullups,0.95,https://www.reddit.com/r/overcominggravity/comments/f9gsmb/what_percentage_of_our_bodyweight_do_we_lift
chin up,0.95,https://www.reddit.com/r/overcominggravity/comments/f9gsmb/what_percentage_of_our_bodyweight_do_we_lift
barbell squat,0.75,https://www.quora.com/How-much-of-your-body-weight-does-squat-use-without-weights
pushups,0.64,https://www.allthingsgym.com/push-up-weight-distribution-percentages/
bench dip,0.5,https://exrx.net/WeightTraining/Bodyweight#AdjustingBWExercises
back extension,0.5,https://exrx.net/WeightTraining/Bodyweight#AdjustingBWExercises
single leg standing dumbbell calf raise,1,https://exrx.net/WeightTraining/Bodyweight#AdjustingBWExercises
ghd sit up,0.5,https://exrx.net/WeightTraining/Bodyweight#AdjustingBWExercises
decline push up,0.75,https://vitalizedfuture.com/decline-push-ups-harder/
lying rear delt y,0.94,https://exrx.net/WeightTraining/Bodyweight
push up wide,0.64,https://www.quora.com/How-much-of-your-body-weight-does-squat-use-without-weights
